{"h1": {"median_relative_error": 0.21757812023884365, "xaxis": [0.0, 0.05, 0.1, 0.15000000000000002, 0.2, 0.25, 0.30000000000000004, 0.35000000000000003, 0.4, 0.45, 0.5, 0.55, 0.6000000000000001, 0.65, 0.7000000000000001, 0.75, 0.8, 0.8500000000000001, 0.9, 0.9500000000000001, 1.0], "yaxis": [0.14201183431952658, 0.33727810650887563, 0.43195266272189337, 0.5088757396449702, 0.5502958579881655, 0.6094674556213016, 0.6449704142011832, 0.6686390532544377, 0.710059171597633, 0.7337278106508874, 0.769230769230769, 0.7988165680473371, 0.8284023668639051, 0.8402366863905323, 0.8698224852071004, 0.9171597633136093, 0.9349112426035502, 0.9526627218934911, 0.9585798816568047, 1.0]}, "h2": {"median_relative_error": 0.3039073434507908, "xaxis": [0.0, 0.05, 0.1, 0.15000000000000002, 0.2, 0.25, 0.30000000000000004, 0.35000000000000003, 0.4, 0.45, 0.5, 0.55, 0.6000000000000001, 0.65, 0.7000000000000001, 0.75, 0.8, 0.8500000000000001, 0.9, 0.9500000000000001, 1.0], "yaxis": [0.09202453987730061, 0.2269938650306748, 0.30061349693251527, 0.3865030674846625, 0.47239263803680975, 0.5460122699386503, 0.6012269938650305, 0.6380368098159508, 0.6625766871165644, 0.6809815950920244, 0.6993865030674845, 0.7546012269938649, 0.7791411042944784, 0.7975460122699385, 0.8466257668711655, 0.8834355828220858, 0.9141104294478527, 0.9386503067484663, 0.9631901840490797, 1.0]}, "h3": {"median_relative_error": 0.352333023514178, "xaxis": [0.0, 0.05, 0.1, 0.15000000000000002, 0.2, 0.25, 0.30000000000000004, 0.35000000000000003, 0.4, 0.45, 0.5, 0.55, 0.6000000000000001, 0.65, 0.7000000000000001, 0.75, 0.8, 0.8500000000000001, 0.9, 0.9500000000000001, 1.0], "yaxis": [0.09036144578313252, 0.18072289156626503, 0.24698795180722888, 0.3012048192771084, 0.4337349397590361, 0.48192771084337344, 0.5361445783132529, 0.5903614457831324, 0.6385542168674697, 0.6807228915662649, 0.7289156626506023, 0.8012048192771083, 0.8313253012048192, 0.8493975903614457, 0.8795180722891566, 0.8975903614457831, 0.9096385542168675, 0.9457831325301204, 0.969879518072289, 0.9999999999999998]}, "h4": {"median_relative_error": 0.30820956368638247, "xaxis": [0.0, 0.05, 0.1, 0.15000000000000002, 0.2, 0.25, 0.30000000000000004, 0.35000000000000003, 0.4, 0.45, 0.5, 0.55, 0.6000000000000001, 0.65, 0.7000000000000001, 0.75, 0.8, 0.8500000000000001, 0.9, 0.9500000000000001, 1.0], "yaxis": [0.09411764705882353, 0.20588235294117646, 0.2823529411764706, 0.3529411764705882, 0.4764705882352941, 0.5235294117647059, 0.5764705882352941, 0.6058823529411764, 0.6411764705882352, 0.7058823529411764, 0.7117647058823529, 0.7470588235294117, 0.7999999999999999, 0.8352941176470587, 0.8705882352941176, 0.9, 0.9294117647058824, 0.9647058823529413, 0.9823529411764707, 1.0]}, "h5": {"median_relative_error": 0.26063862719699815, "xaxis": [0.0, 0.05, 0.1, 0.15000000000000002, 0.2, 0.25, 0.30000000000000004, 0.35000000000000003, 0.4, 0.45, 0.5, 0.55, 0.6000000000000001, 0.65, 0.7000000000000001, 0.75, 0.8, 0.8500000000000001, 0.9, 0.9500000000000001, 1.0], "yaxis": [0.13017751479289938, 0.24260355029585795, 0.32544378698224846, 0.41420118343195256, 0.5266272189349112, 0.6153846153846152, 0.6923076923076922, 0.7455621301775146, 0.7810650887573962, 0.798816568047337, 0.816568047337278, 0.8224852071005916, 0.8520710059171597, 0.8875739644970413, 0.9053254437869821, 0.9467455621301774, 0.9704142011834318, 0.9763313609467454, 0.9940828402366864, 1.0]}}