{"h1": {"median_relative_error": 0.07858439423719712, "xaxis": [0.0, 0.05, 0.1, 0.15000000000000002, 0.2, 0.25, 0.30000000000000004, 0.35000000000000003, 0.4, 0.45, 0.5, 0.55, 0.6000000000000001, 0.65, 0.7000000000000001, 0.75, 0.8, 0.8500000000000001, 0.9, 0.9500000000000001, 1.0], "yaxis": [0.125, 0.7500000000000001, 0.7500000000000001, 0.7500000000000001, 0.875, 0.875, 0.875, 1.0, 1.0, 1.0, 1.0, 1.0, 1.0, 1.0, 1.0, 1.0, 1.0, 1.0, 1.0, 1.0]}, "h2": {"median_relative_error": 0.21288237842596378, "xaxis": [0.0, 0.05, 0.1, 0.15000000000000002, 0.2, 0.25, 0.30000000000000004, 0.35000000000000003, 0.4, 0.45, 0.5, 0.55, 0.6000000000000001, 0.65, 0.7000000000000001, 0.75, 0.8, 0.8500000000000001, 0.9, 0.9500000000000001, 1.0], "yaxis": [0.125, 0.25, 0.5, 0.5, 0.5, 0.5, 0.75, 1.0, 1.0, 1.0, 1.0, 1.0, 1.0, 1.0, 1.0, 1.0, 1.0, 1.0, 1.0, 1.0]}, "h3": {"median_relative_error": 0.2274946733525574, "xaxis": [0.0, 0.05, 0.1, 0.15000000000000002, 0.2, 0.25, 0.30000000000000004, 0.35000000000000003, 0.4, 0.45, 0.5, 0.55, 0.6000000000000001, 0.65, 0.7000000000000001, 0.75, 0.8, 0.8500000000000001, 0.9, 0.9500000000000001, 1.0], "yaxis": [0.25, 0.5, 0.5, 0.5, 0.5, 0.5, 0.5, 0.625, 0.75, 0.875, 0.875, 1.0, 1.0, 1.0, 1.0, 1.0, 1.0, 1.0, 1.0, 1.0]}, "h4": {"median_relative_error": 0.1263186280065381, "xaxis": [0.0, 0.05, 0.1, 0.15000000000000002, 0.2, 0.25, 0.30000000000000004, 0.35000000000000003, 0.4, 0.45, 0.5, 0.55, 0.6000000000000001, 0.65, 0.7000000000000001, 0.75, 0.8, 0.8500000000000001, 0.9, 0.9500000000000001, 1.0], "yaxis": [0.0, 0.5000000000000002, 0.5000000000000002, 0.6250000000000002, 0.6250000000000002, 0.6250000000000002, 0.6250000000000002, 0.6250000000000002, 0.7500000000000002, 0.7500000000000002, 0.7500000000000002, 0.7500000000000002, 1.0000000000000004, 1.0000000000000004, 1.0000000000000004, 1.0000000000000004, 1.0000000000000004, 1.0000000000000004, 1.0000000000000004, 1.0000000000000004]}, "h5": {"median_relative_error": 0.33977694067167236, "xaxis": [0.0, 0.05, 0.1, 0.15000000000000002, 0.2, 0.25, 0.30000000000000004, 0.35000000000000003, 0.4, 0.45, 0.5, 0.55, 0.6000000000000001, 0.65, 0.7000000000000001, 0.75, 0.8, 0.8500000000000001, 0.9, 0.9500000000000001, 1.0], "yaxis": [0.0, 0.125, 0.375, 0.375, 0.375, 0.375, 0.625, 0.625, 0.625, 0.75, 0.75, 0.75, 0.875, 1.0, 1.0, 1.0, 1.0, 1.0, 1.0, 1.0]}}