{"h1": {"median_relative_error": 0.24911511016949306, "xaxis": [0.0, 0.05, 0.1, 0.15000000000000002, 0.2, 0.25, 0.30000000000000004, 0.35000000000000003, 0.4, 0.45, 0.5, 0.55, 0.6000000000000001, 0.65, 0.7000000000000001, 0.75, 0.8, 0.8500000000000001, 0.9, 0.9500000000000001, 1.0], "yaxis": [0.11248285322359394, 0.2229080932784636, 0.3319615912208504, 0.43347050754458155, 0.5294924554183813, 0.6049382716049382, 0.676954732510288, 0.7393689986282579, 0.7921810699588476, 0.8340192043895748, 0.8751714677640603, 0.8957475994513031, 0.929355281207133, 0.9465020576131685, 0.9615912208504799, 0.9759945130315499, 0.9869684499314128, 0.9931412894375855, 0.9979423868312756, 0.9999999999999998]}}